{
  "test/integration/pages/CapexObjectPage-dbg.js": 1680216422970,
  "manifest.json": 1680283724744,
  "test/integration/pages/CapexList.js": 1680216422970,
  "test/integration/opaTests.qunit.js": 1680216422966,
  "test/integration/FirstJourney.js": 1680216422974,
  "test/testsuite.qunit.js": 1680216422946,
  "xs-app.json": 1680283724744,
  "test/integration/pages/CapexObjectPage.js": 1680216422970,
  "Component.js": 1680216422926,
  "Component-dbg.js": 1680216422926,
  "Component.js.map": 1680283737441,
  "test/integration/opaTests.qunit-dbg.js": 1680216422966,
  "test/integration/opaTests.qunit.js.map": 1680283737483,
  "test/integration/FirstJourney-dbg.js": 1680216422974,
  "test/integration/FirstJourney.js.map": 1680283737486,
  "test/testsuite.qunit-dbg.js": 1680216422946,
  "test/testsuite.qunit.js.map": 1680283737461,
  "i18n/i18n.properties": 1680216453226,
  "test/integration/pages/CapexObjectPage.js.map": 1680283737447,
  "test/integration/pages/CapexList-dbg.js": 1680216422970,
  "test/integration/pages/CapexList.js.map": 1680283737461,
  "Component-preload.js": 1680283737645,
  "Component-preload.js.map": 1680283737645,
  "test/integration/opaTests.qunit.html": 1680216422966,
  "test/testsuite.qunit.html": 1680216422938,
  "test/flpSandbox.html": 1680216422938,
  "localService/metadata.xml": 1680216422938,
  "index.html": 1680216422926
}