{
  "test/testsuite.qunit.html": 1680216422938,
  "test/integration/opaTests.qunit.js": 1680216422966,
  "test/integration/pages/CapexList.js": 1680216422970,
  "test/integration/pages/CapexObjectPage.js": 1680216422970,
  "test/integration/FirstJourney.js": 1680216422974,
  "test/testsuite.qunit.js": 1680216422946,
  "xs-app.json": 1680300060171,
  "manifest.json": 1680300060175,
  "Component.js": 1680216422926,
  "test/integration/pages/CapexObjectPage-dbg.js": 1680216422970,
  "test/integration/pages/CapexObjectPage.js.map": 1680300068730,
  "test/integration/pages/CapexList-dbg.js": 1680216422970,
  "test/integration/pages/CapexList.js.map": 1680300068772,
  "test/integration/opaTests.qunit-dbg.js": 1680216422966,
  "test/integration/opaTests.qunit.js.map": 1680300068764,
  "test/integration/FirstJourney-dbg.js": 1680216422974,
  "test/integration/FirstJourney.js.map": 1680300068798,
  "test/testsuite.qunit-dbg.js": 1680216422946,
  "test/testsuite.qunit.js.map": 1680300068736,
  "Component-dbg.js": 1680216422926,
  "Component.js.map": 1680300068770,
  "Component-preload.js": 1680300068984,
  "Component-preload.js.map": 1680300068984,
  "test/integration/opaTests.qunit.html": 1680216422966,
  "i18n/i18n.properties": 1680216453226,
  "test/flpSandbox.html": 1680216422938,
  "localService/metadata.xml": 1680216422938,
  "index.html": 1680216422926
}