<?xml version="1.0" encoding="utf-8"?>
<edmx:Edmx Version="4.0" xmlns:edmx="http://docs.oasis-open.org/odata/ns/edmx">
    <edmx:Reference Uri="https://sap.github.io/odata-vocabularies/vocabularies/Common.xml">
        <edmx:Include Alias="Common" Namespace="com.sap.vocabularies.Common.v1"/>
    </edmx:Reference>
    <edmx:Reference Uri="https://oasis-tcs.github.io/odata-vocabularies/vocabularies/Org.OData.Core.V1.xml">
        <edmx:Include Alias="Core" Namespace="Org.OData.Core.V1"/>
    </edmx:Reference>
    <edmx:Reference Uri="https://sap.github.io/odata-vocabularies/vocabularies/UI.xml">
        <edmx:Include Alias="UI" Namespace="com.sap.vocabularies.UI.v1"/>
    </edmx:Reference>
    <edmx:DataServices>
        <Schema Namespace="CapitalExpendituresService" xmlns="http://docs.oasis-open.org/odata/ns/edm">
            <EntityContainer Name="EntityContainer">
                <EntitySet Name="Capex" EntityType="CapitalExpendituresService.Capex">
                    <NavigationPropertyBinding Path="contractors" Target="Contractors"/>
                    <NavigationPropertyBinding Path="SiblingEntity" Target="Capex"/>
                </EntitySet>
                <EntitySet Name="Contractors" EntityType="CapitalExpendituresService.Contractors"/>
            </EntityContainer>
            <EntityType Name="Capex">
                <Key>
                    <PropertyRef Name="ID"/>
                    <PropertyRef Name="IsActiveEntity"/>
                </Key>
                <Property Name="ID" Type="Edm.Guid" Nullable="false"/>
                <Property Name="description" Type="Edm.String"/>
                <Property Name="total_cost" Type="Edm.Int32"/>
                <NavigationProperty Name="contractors" Type="CapitalExpendituresService.Contractors">
                    <ReferentialConstraint Property="contractors_contractor" ReferencedProperty="contractor"/>
                </NavigationProperty>
                <Property Name="contractors_contractor" Type="Edm.Int32"/>
                <Property Name="IsActiveEntity" Type="Edm.Boolean" Nullable="false" DefaultValue="true"/>
                <Property Name="HasActiveEntity" Type="Edm.Boolean" Nullable="false" DefaultValue="false"/>
                <Property Name="HasDraftEntity" Type="Edm.Boolean" Nullable="false" DefaultValue="false"/>
                <NavigationProperty Name="DraftAdministrativeData" Type="CapitalExpendituresService.DraftAdministrativeData" ContainsTarget="true"/>
                <NavigationProperty Name="SiblingEntity" Type="CapitalExpendituresService.Capex"/>
            </EntityType>
            <EntityType Name="Contractors">
                <Key>
                    <PropertyRef Name="contractor"/>
                </Key>
                <Property Name="contractor" Type="Edm.Int32" Nullable="false"/>
                <Property Name="name" Type="Edm.String"/>
            </EntityType>
            <EntityType Name="DraftAdministrativeData">
                <Key>
                    <PropertyRef Name="DraftUUID"/>
                </Key>
                <Property Name="DraftUUID" Type="Edm.Guid" Nullable="false"/>
                <Property Name="CreationDateTime" Type="Edm.DateTimeOffset" Precision="7"/>
                <Property Name="CreatedByUser" Type="Edm.String" MaxLength="256"/>
                <Property Name="DraftIsCreatedByMe" Type="Edm.Boolean"/>
                <Property Name="LastChangeDateTime" Type="Edm.DateTimeOffset" Precision="7"/>
                <Property Name="LastChangedByUser" Type="Edm.String" MaxLength="256"/>
                <Property Name="InProcessByUser" Type="Edm.String" MaxLength="256"/>
                <Property Name="DraftIsProcessedByMe" Type="Edm.Boolean"/>
            </EntityType>
            <Action Name="draftPrepare" IsBound="true" EntitySetPath="in">
                <Parameter Name="in" Type="CapitalExpendituresService.Capex"/>
                <Parameter Name="SideEffectsQualifier" Type="Edm.String"/>
                <ReturnType Type="CapitalExpendituresService.Capex"/>
            </Action>
            <Action Name="draftActivate" IsBound="true" EntitySetPath="in">
                <Parameter Name="in" Type="CapitalExpendituresService.Capex"/>
                <ReturnType Type="CapitalExpendituresService.Capex"/>
            </Action>
            <Action Name="draftEdit" IsBound="true" EntitySetPath="in">
                <Parameter Name="in" Type="CapitalExpendituresService.Capex"/>
                <Parameter Name="PreserveChanges" Type="Edm.Boolean"/>
                <ReturnType Type="CapitalExpendituresService.Capex"/>
            </Action>
            <Annotations Target="CapitalExpendituresService.EntityContainer/Capex">
                <Annotation Term="Common.DraftRoot">
                    <Record Type="Common.DraftRootType">
                        <PropertyValue Property="ActivationAction" String="CapitalExpendituresService.draftActivate"/>
                        <PropertyValue Property="EditAction" String="CapitalExpendituresService.draftEdit"/>
                        <PropertyValue Property="PreparationAction" String="CapitalExpendituresService.draftPrepare"/>
                    </Record>
                </Annotation>
            </Annotations>
            <Annotations Target="CapitalExpendituresService.Capex/ID">
                <Annotation Term="Core.Computed" Bool="true"/>
            </Annotations>
            <Annotations Target="CapitalExpendituresService.Capex/IsActiveEntity">
                <Annotation Term="UI.Hidden" Bool="true"/>
            </Annotations>
            <Annotations Target="CapitalExpendituresService.Capex/HasActiveEntity">
                <Annotation Term="UI.Hidden" Bool="true"/>
            </Annotations>
            <Annotations Target="CapitalExpendituresService.Capex/HasDraftEntity">
                <Annotation Term="UI.Hidden" Bool="true"/>
            </Annotations>
            <Annotations Target="CapitalExpendituresService.Capex/DraftAdministrativeData">
                <Annotation Term="UI.Hidden" Bool="true"/>
            </Annotations>
            <Annotations Target="CapitalExpendituresService.DraftAdministrativeData">
                <Annotation Term="Common.Label" String="{i18n>Draft_DraftAdministrativeData}"/>
                </Annotations>
                <Annotations Target="CapitalExpendituresService.DraftAdministrativeData/DraftUUID">
                    <Annotation Term="UI.Hidden" Bool="true"/>
                    <Annotation Term="Common.Label" String="{i18n>Draft_DraftUUID}"/>
                    </Annotations>
                    <Annotations Target="CapitalExpendituresService.DraftAdministrativeData/CreationDateTime">
                        <Annotation Term="Common.Label" String="{i18n>Draft_CreationDateTime}"/>
                        </Annotations>
                        <Annotations Target="CapitalExpendituresService.DraftAdministrativeData/CreatedByUser">
                            <Annotation Term="Common.Label" String="{i18n>Draft_CreatedByUser}"/>
                            </Annotations>
                            <Annotations Target="CapitalExpendituresService.DraftAdministrativeData/DraftIsCreatedByMe">
                                <Annotation Term="UI.Hidden" Bool="true"/>
                                <Annotation Term="Common.Label" String="{i18n>Draft_DraftIsCreatedByMe}"/>
                                </Annotations>
                                <Annotations Target="CapitalExpendituresService.DraftAdministrativeData/LastChangeDateTime">
                                    <Annotation Term="Common.Label" String="{i18n>Draft_LastChangeDateTime}"/>
                                    </Annotations>
                                    <Annotations Target="CapitalExpendituresService.DraftAdministrativeData/LastChangedByUser">
                                        <Annotation Term="Common.Label" String="{i18n>Draft_LastChangedByUser}"/>
                                        </Annotations>
                                        <Annotations Target="CapitalExpendituresService.DraftAdministrativeData/InProcessByUser">
                                            <Annotation Term="Common.Label" String="{i18n>Draft_InProcessByUser}"/>
                                            </Annotations>
                                            <Annotations Target="CapitalExpendituresService.DraftAdministrativeData/DraftIsProcessedByMe">
                                                <Annotation Term="UI.Hidden" Bool="true"/>
                                                <Annotation Term="Common.Label" String="{i18n>Draft_DraftIsProcessedByMe}"/>
                                                </Annotations>
                                            </Schema>
                                        </edmx:DataServices>
                                    </edmx:Edmx>